process_step,duration_control,duration_test,duration_unknown
start,175.39223514834447,152.2621828079726,165.43555495287816
step_1,43.18096995796165,37.80465734849275,41.20320994046078
step_2,38.83814645933201,48.2725852642541,43.20514987103086
step_3,94.15965069413345,97.35625465814145,97.37351034915325
confirm,129.9768283852281,129.66681670867843,128.80105826934246
