variation,completion_rate,error_rate,easy_success_rate,avg_duration_step,count
Control,0.7366989631140575,3.1899116097229303,0.016105728369879314,96.30956612899993,23532.0
Test,0.9492732126965292,3.4242435479086324,0.01420201720557698,93.07249935750787,26968.0
Unknown,0.8545924710328708,3.328509622557064,0.015316524939082003,95.2036966765731,20109.0
